"","c.FALSE..FALSE..FALSE..FALSE..FALSE..FALSE..TRUE..FALSE..FALSE.."
"1",FALSE
"2",FALSE
"3",FALSE
"4",FALSE
"5",FALSE
"6",FALSE
"7",TRUE
"8",FALSE
"9",FALSE
"10",FALSE
"11",TRUE
"12",FALSE
"13",FALSE
"14",FALSE
"15",TRUE
"16",FALSE
"17",TRUE
"18",FALSE
"19",FALSE
"20",FALSE
"21",TRUE
"22",FALSE
"23",FALSE
"24",FALSE
"25",FALSE
"26",FALSE
"27",TRUE
"28",FALSE
"29",FALSE
"30",TRUE
"31",TRUE
"32",FALSE
"33",FALSE
"34",FALSE
"35",TRUE
"36",FALSE
"37",FALSE
"38",FALSE
"39",TRUE
"40",FALSE
"41",TRUE
"42",TRUE
"43",TRUE
"44",TRUE
"45",FALSE
"46",TRUE
"47",TRUE
"48",FALSE
"49",TRUE
"50",TRUE
"51",FALSE
"52",TRUE
"53",TRUE
"54",FALSE
"55",TRUE
"56",FALSE
"57",TRUE
"58",TRUE
"59",FALSE
"60",TRUE
"61",FALSE
"62",FALSE
"63",FALSE
"64",FALSE
"65",TRUE
"66",TRUE
"67",FALSE
"68",FALSE
"69",FALSE
"70",FALSE
"71",FALSE
"72",FALSE
"73",TRUE
"74",FALSE
"75",TRUE
"76",TRUE
"77",TRUE
"78",TRUE
"79",FALSE
"80",TRUE
"81",TRUE
"82",TRUE
"83",FALSE
"84",TRUE
"85",FALSE
"86",FALSE
"87",FALSE
"88",TRUE
"89",TRUE
"90",TRUE
"91",FALSE
"92",TRUE
"93",TRUE
"94",FALSE
"95",FALSE
"96",TRUE
"97",TRUE
"98",FALSE
"99",TRUE
"100",TRUE
"101",FALSE
"102",FALSE
"103",FALSE
"104",TRUE
"105",FALSE
"106",FALSE
"107",FALSE
"108",FALSE
"109",TRUE
"110",FALSE
"111",FALSE
"112",FALSE
"113",FALSE
"114",FALSE
"115",FALSE
"116",FALSE
"117",FALSE
"118",FALSE
"119",FALSE
"120",TRUE
"121",TRUE
"122",TRUE
"123",FALSE
"124",FALSE
"125",FALSE
"126",TRUE
"127",TRUE
"128",FALSE
"129",TRUE
"130",FALSE
"131",FALSE
"132",FALSE
"133",FALSE
"134",FALSE
"135",FALSE
"136",FALSE
"137",FALSE
"138",TRUE
"139",FALSE
"140",FALSE
"141",FALSE
"142",FALSE
"143",FALSE
"144",TRUE
"145",FALSE
"146",FALSE
"147",FALSE
"148",FALSE
"149",FALSE
"150",FALSE
"151",FALSE
"152",FALSE
"153",FALSE
"154",TRUE
"155",FALSE
"156",FALSE
"157",FALSE
"158",TRUE
"159",TRUE
"160",FALSE
"161",TRUE
"162",FALSE
"163",FALSE
"164",TRUE
"165",FALSE
"166",TRUE
"167",FALSE
"168",TRUE
"169",FALSE
"170",FALSE
"171",TRUE
"172",TRUE
"173",TRUE
"174",FALSE
"175",FALSE
"176",TRUE
"177",TRUE
"178",FALSE
"179",FALSE
"180",FALSE
"181",FALSE
"182",TRUE
"183",FALSE
"184",FALSE
"185",FALSE
"186",TRUE
"187",FALSE
"188",FALSE
"189",FALSE
"190",TRUE
"191",FALSE
"192",FALSE
"193",TRUE
"194",TRUE
"195",FALSE
"196",TRUE
"197",TRUE
"198",TRUE
"199",TRUE
"200",TRUE
"201",TRUE
"202",TRUE
"203",FALSE
"204",TRUE
"205",FALSE
"206",TRUE
"207",TRUE
"208",TRUE
"209",TRUE
"210",TRUE
"211",TRUE
"212",TRUE
"213",FALSE
"214",TRUE
"215",FALSE
"216",FALSE
"217",FALSE
"218",FALSE
"219",FALSE
"220",FALSE
"221",TRUE
"222",TRUE
"223",FALSE
"224",TRUE
"225",FALSE
"226",FALSE
"227",FALSE
"228",TRUE
"229",TRUE
"230",TRUE
"231",FALSE
"232",TRUE
"233",TRUE
"234",TRUE
"235",TRUE
"236",TRUE
"237",TRUE
"238",FALSE
"239",FALSE
"240",FALSE
"241",TRUE
"242",FALSE
"243",TRUE
"244",FALSE
"245",FALSE
"246",TRUE
"247",FALSE
"248",TRUE
"249",TRUE
"250",FALSE
"251",TRUE
"252",FALSE
"253",FALSE
"254",FALSE
"255",FALSE
"256",TRUE
"257",TRUE
"258",FALSE
"259",FALSE
"260",FALSE
"261",TRUE
"262",FALSE
"263",TRUE
"264",FALSE
"265",TRUE
"266",TRUE
"267",FALSE
"268",FALSE
"269",FALSE
"270",FALSE
"271",TRUE
"272",FALSE
"273",FALSE
"274",TRUE
"275",FALSE
"276",FALSE
"277",TRUE
"278",FALSE
"279",TRUE
"280",FALSE
"281",TRUE
"282",FALSE
"283",TRUE
"284",FALSE
"285",FALSE
"286",TRUE
"287",TRUE
"288",FALSE
"289",TRUE
"290",TRUE
"291",FALSE
"292",FALSE
"293",FALSE
"294",FALSE
"295",TRUE
"296",TRUE
"297",TRUE
"298",FALSE
"299",TRUE
"300",TRUE
"301",TRUE
"302",FALSE
"303",TRUE
"304",TRUE
"305",FALSE
"306",TRUE
"307",TRUE
"308",FALSE
"309",TRUE
"310",TRUE
"311",TRUE
"312",FALSE
"313",FALSE
"314",TRUE
"315",TRUE
"316",TRUE
"317",FALSE
"318",TRUE
"319",FALSE
"320",TRUE
"321",FALSE
"322",TRUE
"323",FALSE
"324",TRUE
"325",TRUE
"326",FALSE
"327",FALSE
"328",TRUE
"329",FALSE
"330",FALSE
"331",FALSE
"332",FALSE
"333",FALSE
"334",TRUE
"335",TRUE
"336",TRUE
"337",FALSE
"338",TRUE
"339",FALSE
"340",TRUE
"341",FALSE
"342",TRUE
"343",FALSE
"344",TRUE
"345",TRUE
"346",TRUE
"347",TRUE
"348",TRUE
"349",FALSE
"350",FALSE
"351",FALSE
"352",FALSE
"353",FALSE
"354",FALSE
"355",TRUE
"356",TRUE
"357",FALSE
"358",TRUE
"359",FALSE
"360",TRUE
"361",FALSE
"362",FALSE
"363",TRUE
"364",FALSE
"365",FALSE
"366",FALSE
"367",TRUE
"368",FALSE
"369",FALSE
"370",FALSE
"371",FALSE
"372",FALSE
"373",TRUE
"374",TRUE
"375",TRUE
"376",FALSE
"377",FALSE
"378",TRUE
"379",FALSE
"380",FALSE
"381",FALSE
"382",TRUE
"383",FALSE
"384",TRUE
"385",TRUE
"386",FALSE
"387",FALSE
"388",TRUE
"389",FALSE
"390",TRUE
"391",FALSE
"392",FALSE
"393",FALSE
"394",TRUE
"395",FALSE
"396",FALSE
"397",TRUE
"398",TRUE
"399",TRUE
"400",FALSE
"401",FALSE
"402",FALSE
"403",TRUE
"404",TRUE
"405",TRUE
"406",FALSE
"407",TRUE
"408",TRUE
"409",FALSE
"410",TRUE
"411",FALSE
"412",FALSE
"413",TRUE
"414",TRUE
"415",TRUE
"416",FALSE
"417",FALSE
"418",FALSE
"419",TRUE
"420",TRUE
"421",TRUE
"422",FALSE
"423",FALSE
"424",FALSE
"425",TRUE
"426",TRUE
"427",TRUE
"428",FALSE
"429",FALSE
"430",FALSE
"431",TRUE
"432",FALSE
"433",FALSE
"434",FALSE
"435",FALSE
"436",FALSE
"437",TRUE
"438",FALSE
"439",TRUE
"440",TRUE
"441",TRUE
"442",TRUE
"443",TRUE
"444",FALSE
"445",TRUE
"446",FALSE
"447",FALSE
"448",FALSE
"449",FALSE
"450",FALSE
"451",FALSE
"452",FALSE
"453",TRUE
"454",FALSE
"455",TRUE
"456",TRUE
"457",FALSE
"458",FALSE
"459",FALSE
"460",TRUE
"461",FALSE
"462",FALSE
"463",FALSE
"464",FALSE
"465",TRUE
"466",FALSE
"467",FALSE
"468",FALSE
"469",TRUE
"470",TRUE
"471",FALSE
"472",FALSE
"473",TRUE
"474",TRUE
"475",FALSE
"476",TRUE
"477",FALSE
"478",TRUE
"479",TRUE
"480",FALSE
"481",FALSE
"482",TRUE
"483",TRUE
"484",TRUE
"485",TRUE
"486",FALSE
"487",TRUE
"488",TRUE
"489",TRUE
"490",FALSE
"491",TRUE
"492",FALSE
"493",TRUE
"494",TRUE
"495",FALSE
"496",FALSE
"497",TRUE
"498",TRUE
"499",FALSE
"500",FALSE
